{"cameraMode":{"drawMode":0,"name":"Shaded","section":"Shading Mode"},"sceneLighting":true,"audioPlay":false,"sceneViewState":{"m_AlwaysRefresh":false,"showFog":true,"showSkybox":true,"showFlares":true,"showImageEffects":true,"showParticleSystems":true,"showVisualEffectGraphs":true,"m_FxEnabled":true},"in2DMode":false,"pivot":{"x":1.3020942211151124,"y":1.0689610242843629,"z":-0.09334635734558106},"rotation":{"x":-0.014005151577293873,"y":-0.9827943444252014,"z":0.16396105289459229,"w":-0.08394507318735123},"size":1.6038315296173096,"orthographic":false}